t	scale
0	1.0930
5	1.0944
11	1.0960
16	1.0976
22	1.0991
27	1.1006
32	1.1020
37	1.1034
42	1.1047
47	1.1059
52	1.1072
57	1.1084
63	1.1096
68	1.1109
72	1.1120
77	1.1130
82	1.1141
87	1.1152
92	1.1161
97	1.1170
101	1.1181
106	1.1189
111	1.1197
116	1.1206
120	1.1214
126	1.1221
132	1.1229
136	1.1238
142	1.1244
147	1.1251
152	1.1258
157	1.1263
162	1.1268
167	1.1273
172	1.1278
177	1.1281
182	1.1285
187	1.1288
192	1.1291
198	1.1294
202	1.1296
207	1.1298
213	1.1299
218	1.1300
222	1.1300
228	1.1300
233	1.1299
238	1.1299
243	1.1297
248	1.1296
252	1.1294
256	1.1292
262	1.1289
266	1.1286
271	1.1283
276	1.1279
282	1.1274
286	1.1269
292	1.1264
297	1.1259
302	1.1252
306	1.1246
312	1.1240
316	1.1233
320	1.1227
325	1.1220
330	1.1212
335	1.1204
339	1.1196
345	1.1187
350	1.1177
355	1.1167
361	1.1157
366	1.1146
370	1.1135
376	1.1125
382	1.1112
387	1.1099
392	1.1087
397	1.1075
402	1.1062
406	1.1050
411	1.1038
416	1.1024
420	1.1012
425	1.1000
430	1.0987
435	1.0972
440	1.0959
445	1.0946
450	1.0931
454	1.0917
460	1.0902
465	1.0887
470	1.0871
475	1.0856
480	1.0839
485	1.0822
490	1.0807
495	1.0793
500	1.0775
505	1.0759
512	1.0743
517	1.0723
522	1.0706
528	1.0690
533	1.0672
538	1.0655
543	1.0639
548	1.0621
553	1.0604
558	1.0589
566	1.0572
572	1.0549
577	1.0529
582	1.0511
587	1.0494
592	1.0480
597	1.0465
602	1.0449
607	1.0433
613	1.0419
618	1.0401
622	1.0386
629	1.0372
634	1.0355
639	1.0338
644	1.0325
649	1.0311
653	1.0298
659	1.0286
664	1.0271
669	1.0256
674	1.0244
680	1.0232
685	1.0218
690	1.0205
696	1.0194
701	1.0180
706	1.0168
711	1.0158
716	1.0147
721	1.0136
726	1.0127
732	1.0118
736	1.0108
742	1.0099
748	1.0089
752	1.0081
757	1.0073
763	1.0066
768	1.0058
773	1.0051
780	1.0045
785	1.0037
790	1.0032
796	1.0027
801	1.0022
806	1.0018
813	1.0015
818	1.0010
824	1.0007
831	1.0005
838	1.0002
847	1.0001
853	1.0000
857	1.0000
864	1.0001
870	1.0002
875	1.0004
881	1.0006
886	1.0009
892	1.0011
898	1.0015
903	1.0020
907	1.0024
913	1.0028
917	1.0033
922	1.0038
927	1.0043
932	1.0050
937	1.0056
941	1.0062
947	1.0069
951	1.0077
956	1.0084
961	1.0092
966	1.0101
971	1.0110
978	1.0119
983	1.0131
988	1.0143
994	1.0152
999	1.0164
1004	1.0177
1009	1.0187
1014	1.0198
1018	1.0210
1024	1.0221
1032	1.0234
1041	1.0255
1051	1.0278
1056	1.0306
1064	1.0321
1069	1.0342
1075	1.0358
1080	1.0374
1085	1.0390
1089	1.0404
1094	1.0418
1099	1.0433
1104	1.0448
1109	1.0462
1114	1.0477
1119	1.0494
1123	1.0508
1128	1.0523
1133	1.0539
1138	1.0555
1144	1.0571
1149	1.0589
1154	1.0606
1159	1.0622
1164	1.0638
1169	1.0655
1174	1.0671
1179	1.0686
1184	1.0704
1188	1.0719
1194	1.0734
1198	1.0750
1203	1.0766
1207	1.0780
1212	1.0794
1217	1.0811
1222	1.0826
1227	1.0840
1232	1.0856
1236	1.0870
1241	1.0885
1246	1.0899
1251	1.0915
1256	1.0929
1261	1.0942
1266	1.0957
1270	1.0971
1275	1.0984
1281	1.0998
1286	1.1013
1290	1.1026
1296	1.1038
1300	1.1052
1305	1.1064
1310	1.1075
1315	1.1087
1320	1.1100
1325	1.1110
1332	1.1122
1338	1.1138
1344	1.1151
1350	1.1162
1354	1.1173
1360	1.1182
1365	1.1192
1369	1.1201
1374	1.1209
1379	1.1216
1384	1.1224
1388	1.1231
1393	1.1238
1398	1.1244
1403	1.1251
1408	1.1256
1413	1.1262
1418	1.1268
1422	1.1272
1428	1.1276
1433	1.1281
1437	1.1284
1443	1.1287
1449	1.1291
1454	1.1294
1459	1.1296
1465	1.1297
1470	1.1299
1475	1.1300
1481	1.1300
1485	1.1300
1489	1.1299
1495	1.1299
1499	1.1297
1504	1.1296
1510	1.1294
1515	1.1291
1520	1.1288
1525	1.1285
1532	1.1281
1537	1.1275
1542	1.1271
1548	1.1266
1553	1.1259
1558	1.1254
1564	1.1247
1568	1.1239
1574	1.1233
1581	1.1225
1586	1.1213
1591	1.1206
1596	1.1197
1601	1.1188
1605	1.1179
1610	1.1170
1615	1.1160
1620	1.1150
1625	1.1140
1630	1.1130
1635	1.1118
1640	1.1107
1645	1.1096
1650	1.1084
1654	1.1072
1659	1.1060
1664	1.1048
1669	1.1035
1673	1.1022
1679	1.1010
1683	1.0996
1688	1.0983
1693	1.0970
1698	1.0955
1702	1.0941
1707	1.0928
1712	1.0915
1717	1.0898
1722	1.0884
1727	1.0870
1732	1.0853
1737	1.0838
1742	1.0823
1747	1.0808
1752	1.0791
1756	1.0776
1762	1.0761
1766	1.0745
1771	1.0729
1777	1.0714
1782	1.0696
1787	1.0679
1792	1.0663
1797	1.0648
1802	1.0630
1806	1.0615
1811	1.0601
1816	1.0584
1820	1.0568
1825	1.0554
1831	1.0538
1835	1.0521
1840	1.0507
1846	1.0491
1851	1.0473
1856	1.0457
1861	1.0443
1866	1.0427
1870	1.0412
1876	1.0399
1881	1.0382
1886	1.0365
1892	1.0352
1898	1.0336
1902	1.0319
1907	1.0306
1913	1.0293
1918	1.0276
1923	1.0263
1928	1.0251
1933	1.0237
1938	1.0225
1943	1.0214
1948	1.0202
1953	1.0189
1958	1.0178
1963	1.0168
1968	1.0157
1972	1.0147
1977	1.0138
1982	1.0128
1987	1.0118
1992	1.0110
1997	1.0101
2002	1.0092
2006	1.0084
2012	1.0077
2016	1.0070
2021	1.0063
2026	1.0057
2032	1.0050
2036	1.0043
2041	1.0038
2046	1.0033
2051	1.0028
2055	1.0024
2061	1.0020
2066	1.0016
2070	1.0013
2075	1.0010
2081	1.0007
2085	1.0005
2090	1.0003
2096	1.0002
2101	1.0001
2106	1.0000
2112	1.0000
2117	1.0000
2121	1.0001
2127	1.0002
2131	1.0004
2136	1.0006
2141	1.0008
2146	1.0010
2151	1.0014
2155	1.0017
2160	1.0020
2165	1.0025
2170	1.0029
2174	1.0034
2180	1.0039
2184	1.0045
2189	1.0050
2194	1.0056
2199	1.0064
2204	1.0071
2209	1.0078
2215	1.0086
2219	1.0095
2224	1.0103
2229	1.0112
2234	1.0122
2239	1.0131
2244	1.0140
2249	1.0152
2254	1.0162
2259	1.0173
2264	1.0184
2269	1.0195
2274	1.0207
2279	1.0218
2284	1.0231
2288	1.0243
2293	1.0254
2298	1.0267
2303	1.0280
2308	1.0293
2314	1.0306
2318	1.0323
2323	1.0336
2328	1.0349
2333	1.0364
2337	1.0378
2342	1.0391
2347	1.0405
2351	1.0420
2356	1.0434
2361	1.0448
2366	1.0464
2370	1.0478
2375	1.0492
2381	1.0508
2386	1.0526
2391	1.0543
2396	1.0559
2401	1.0576
2405	1.0591
2411	1.0606
2415	1.0622
2420	1.0638
2425	1.0653
2430	1.0668
2435	1.0685
2440	1.0700
2445	1.0716
2450	1.0733
2455	1.0749
2461	1.0767
2466	1.0786
2471	1.0802
2476	1.0817
2482	1.0833
2486	1.0850
2491	1.0864
2497	1.0880
2502	1.0897
2507	1.0912
2514	1.0925
2518	1.0946
2523	1.0960
2529	1.0973
2533	1.0988
2538	1.1001
2543	1.1013
2548	1.1026
2553	1.1040
2558	1.1052
2564	1.1065
2569	1.1080
2573	1.1092
2578	1.1103
2583	1.1115
2588	1.1125
2593	1.1136
2598	1.1146
2603	1.1157
2607	1.1166
2613	1.1175
2617	1.1185
2622	1.1194
2627	1.1202
2632	1.1210
2637	1.1218
2642	1.1226
2648	1.1234
2653	1.1242
2657	1.1248
2663	1.1254
2668	1.1260
2672	1.1265
2677	1.1270
2682	1.1275
2687	1.1279
2692	1.1283
2698	1.1286
2702	1.1290
2707	1.1292
2714	1.1294
2719	1.1297
2724	1.1298
2731	1.1299
2736	1.1300
2741	1.1300
2746	1.1300
2751	1.1299
2756	1.1297
2762	1.1296
2767	1.1293
2772	1.1291
2777	1.1288
2782	1.1285
2787	1.1281
2791	1.1277
2797	1.1273
2801	1.1268
2806	1.1263
2811	1.1257
2816	1.1251
2821	1.1245
2826	1.1239
2831	1.1232
2836	1.1223
2841	1.1216
2846	1.1208
2851	1.1199
2856	1.1191
2861	1.1182
2866	1.1172
2870	1.1162
2875	1.1153
2880	1.1143
2885	1.1132
2890	1.1122
2895	1.1111
2900	1.1098
2904	1.1087
2909	1.1076
2915	1.1064
2919	1.1051
2924	1.1039
2929	1.1027
2934	1.1013
2938	1.1000
2943	1.0988
2948	1.0974
2953	1.0959
2958	1.0946
2964	1.0930
2969	1.0913
2974	1.0899
2980	1.0884
2985	1.0866
2989	1.0851
2996	1.0836